{
  "hash": "c37a3dd3",
  "configHash": "f6b9bcde",
  "lockfileHash": "59a5cda2",
  "browserHash": "b28ade6c",
  "optimized": {
    "@angular/cdk/bidi": {
      "src": "../../../../../../node_modules/@angular/cdk/fesm2022/bidi.mjs",
      "file": "@angular_cdk_bidi.js",
      "fileHash": "fd064022",
      "needsInterop": false
    },
    "@angular/cdk/text-field": {
      "src": "../../../../../../node_modules/@angular/cdk/fesm2022/text-field.mjs",
      "file": "@angular_cdk_text-field.js",
      "fileHash": "854548a2",
      "needsInterop": false
    },
    "@angular/common": {
      "src": "../../../../../../node_modules/@angular/common/fesm2022/common.mjs",
      "file": "@angular_common.js",
      "fileHash": "a5a13d37",
      "needsInterop": false
    },
    "@angular/common/http": {
      "src": "../../../../../../node_modules/@angular/common/fesm2022/http.mjs",
      "file": "@angular_common_http.js",
      "fileHash": "a63122c6",
      "needsInterop": false
    },
    "@angular/core": {
      "src": "../../../../../../node_modules/@angular/core/fesm2022/core.mjs",
      "file": "@angular_core.js",
      "fileHash": "69439ab5",
      "needsInterop": false
    },
    "@angular/forms": {
      "src": "../../../../../../node_modules/@angular/forms/fesm2022/forms.mjs",
      "file": "@angular_forms.js",
      "fileHash": "0618cf08",
      "needsInterop": false
    },
    "@angular/material/button": {
      "src": "../../../../../../node_modules/@angular/material/fesm2022/button.mjs",
      "file": "@angular_material_button.js",
      "fileHash": "a1ad04be",
      "needsInterop": false
    },
    "@angular/material/dialog": {
      "src": "../../../../../../node_modules/@angular/material/fesm2022/dialog.mjs",
      "file": "@angular_material_dialog.js",
      "fileHash": "66e2bdd1",
      "needsInterop": false
    },
    "@angular/material/form-field": {
      "src": "../../../../../../node_modules/@angular/material/fesm2022/form-field.mjs",
      "file": "@angular_material_form-field.js",
      "fileHash": "2f28a4ba",
      "needsInterop": false
    },
    "@angular/material/input": {
      "src": "../../../../../../node_modules/@angular/material/fesm2022/input.mjs",
      "file": "@angular_material_input.js",
      "fileHash": "ca645bed",
      "needsInterop": false
    },
    "@angular/platform-browser": {
      "src": "../../../../../../node_modules/@angular/platform-browser/fesm2022/platform-browser.mjs",
      "file": "@angular_platform-browser.js",
      "fileHash": "996f9d3b",
      "needsInterop": false
    },
    "@angular/platform-browser/animations": {
      "src": "../../../../../../node_modules/@angular/platform-browser/fesm2022/animations.mjs",
      "file": "@angular_platform-browser_animations.js",
      "fileHash": "3eff1365",
      "needsInterop": false
    },
    "@angular/platform-server": {
      "src": "../../../../../../node_modules/@angular/platform-server/fesm2022/platform-server.mjs",
      "file": "@angular_platform-server.js",
      "fileHash": "52446732",
      "needsInterop": false
    },
    "@angular/router": {
      "src": "../../../../../../node_modules/@angular/router/fesm2022/router.mjs",
      "file": "@angular_router.js",
      "fileHash": "b43573ff",
      "needsInterop": false
    },
    "@angular/ssr": {
      "src": "../../../../../../node_modules/@angular/ssr/fesm2022/ssr.mjs",
      "file": "@angular_ssr.js",
      "fileHash": "a7dbb61d",
      "needsInterop": false
    },
    "@angular/ssr/node": {
      "src": "../../../../../../node_modules/@angular/ssr/fesm2022/node.mjs",
      "file": "@angular_ssr_node.js",
      "fileHash": "53758653",
      "needsInterop": false
    },
    "express": {
      "src": "../../../../../../node_modules/express/index.js",
      "file": "express.js",
      "fileHash": "7b1e41b8",
      "needsInterop": true
    },
    "rxjs": {
      "src": "../../../../../../node_modules/rxjs/dist/cjs/index.js",
      "file": "rxjs.js",
      "fileHash": "3d2b8a56",
      "needsInterop": true
    }
  },
  "chunks": {
    "xhr2-TXIMV6CV": {
      "file": "xhr2-TXIMV6CV.js"
    },
    "chunk-FII7VIPU": {
      "file": "chunk-FII7VIPU.js"
    },
    "chunk-O7BQZ7JM": {
      "file": "chunk-O7BQZ7JM.js"
    },
    "chunk-MNWPHCJK": {
      "file": "chunk-MNWPHCJK.js"
    },
    "chunk-YZ762M5C": {
      "file": "chunk-YZ762M5C.js"
    },
    "chunk-72FLF6W7": {
      "file": "chunk-72FLF6W7.js"
    },
    "chunk-A6MFG62Q": {
      "file": "chunk-A6MFG62Q.js"
    },
    "chunk-ZHGU5P3G": {
      "file": "chunk-ZHGU5P3G.js"
    },
    "chunk-TPWCANKM": {
      "file": "chunk-TPWCANKM.js"
    },
    "chunk-FI4TUNFR": {
      "file": "chunk-FI4TUNFR.js"
    },
    "chunk-62UBO7EP": {
      "file": "chunk-62UBO7EP.js"
    },
    "chunk-6YTOOU62": {
      "file": "chunk-6YTOOU62.js"
    },
    "chunk-STNAX5YN": {
      "file": "chunk-STNAX5YN.js"
    },
    "chunk-NWH63AVG": {
      "file": "chunk-NWH63AVG.js"
    },
    "chunk-UPHGO26X": {
      "file": "chunk-UPHGO26X.js"
    },
    "chunk-WTP3MJIH": {
      "file": "chunk-WTP3MJIH.js"
    },
    "chunk-6FSY56HI": {
      "file": "chunk-6FSY56HI.js"
    },
    "chunk-AQYIT73X": {
      "file": "chunk-AQYIT73X.js"
    },
    "chunk-YHCV7DAQ": {
      "file": "chunk-YHCV7DAQ.js"
    }
  }
}