{
  "hash": "869d0e0b",
  "configHash": "89fd084e",
  "lockfileHash": "59a5cda2",
  "browserHash": "bd25b915",
  "optimized": {
    "@angular/common": {
      "src": "../../../../../../node_modules/@angular/common/fesm2022/common.mjs",
      "file": "@angular_common.js",
      "fileHash": "cdf147ee",
      "needsInterop": false
    },
    "@angular/common/http": {
      "src": "../../../../../../node_modules/@angular/common/fesm2022/http.mjs",
      "file": "@angular_common_http.js",
      "fileHash": "d41dfe03",
      "needsInterop": false
    },
    "@angular/core": {
      "src": "../../../../../../node_modules/@angular/core/fesm2022/core.mjs",
      "file": "@angular_core.js",
      "fileHash": "19fc1145",
      "needsInterop": false
    },
    "@angular/forms": {
      "src": "../../../../../../node_modules/@angular/forms/fesm2022/forms.mjs",
      "file": "@angular_forms.js",
      "fileHash": "9c6ad800",
      "needsInterop": false
    },
    "@angular/platform-browser": {
      "src": "../../../../../../node_modules/@angular/platform-browser/fesm2022/platform-browser.mjs",
      "file": "@angular_platform-browser.js",
      "fileHash": "46f8ba1f",
      "needsInterop": false
    },
    "@angular/router": {
      "src": "../../../../../../node_modules/@angular/router/fesm2022/router.mjs",
      "file": "@angular_router.js",
      "fileHash": "ec679165",
      "needsInterop": false
    },
    "rxjs": {
      "src": "../../../../../../node_modules/rxjs/dist/esm5/index.js",
      "file": "rxjs.js",
      "fileHash": "d682d698",
      "needsInterop": false
    },
    "@angular/material/dialog": {
      "src": "../../../../../../node_modules/@angular/material/fesm2022/dialog.mjs",
      "file": "@angular_material_dialog.js",
      "fileHash": "d6c61d01",
      "needsInterop": false
    },
    "@angular/material/button": {
      "src": "../../../../../../node_modules/@angular/material/fesm2022/button.mjs",
      "file": "@angular_material_button.js",
      "fileHash": "a4e4bbc5",
      "needsInterop": false
    },
    "@angular/material/form-field": {
      "src": "../../../../../../node_modules/@angular/material/fesm2022/form-field.mjs",
      "file": "@angular_material_form-field.js",
      "fileHash": "b8d7bc6f",
      "needsInterop": false
    },
    "@angular/material/input": {
      "src": "../../../../../../node_modules/@angular/material/fesm2022/input.mjs",
      "file": "@angular_material_input.js",
      "fileHash": "000f38ff",
      "needsInterop": false
    },
    "@angular/cdk/bidi": {
      "src": "../../../../../../node_modules/@angular/cdk/fesm2022/bidi.mjs",
      "file": "@angular_cdk_bidi.js",
      "fileHash": "740886f5",
      "needsInterop": false
    },
    "@angular/cdk/text-field": {
      "src": "../../../../../../node_modules/@angular/cdk/fesm2022/text-field.mjs",
      "file": "@angular_cdk_text-field.js",
      "fileHash": "b565a1db",
      "needsInterop": false
    },
    "@angular/platform-browser/animations": {
      "src": "../../../../../../node_modules/@angular/platform-browser/fesm2022/animations.mjs",
      "file": "@angular_platform-browser_animations.js",
      "fileHash": "38e9d255",
      "needsInterop": false
    }
  },
  "chunks": {
    "chunk-MKJ6LVI7": {
      "file": "chunk-MKJ6LVI7.js"
    },
    "chunk-URYKHFCT": {
      "file": "chunk-URYKHFCT.js"
    },
    "chunk-RPV6V5RG": {
      "file": "chunk-RPV6V5RG.js"
    },
    "chunk-WQCHPXPK": {
      "file": "chunk-WQCHPXPK.js"
    },
    "chunk-MRSVSJLM": {
      "file": "chunk-MRSVSJLM.js"
    },
    "chunk-TCWXK6YT": {
      "file": "chunk-TCWXK6YT.js"
    },
    "chunk-K2VQ3FXD": {
      "file": "chunk-K2VQ3FXD.js"
    },
    "chunk-PAWTLBTJ": {
      "file": "chunk-PAWTLBTJ.js"
    },
    "chunk-AZJR4NSL": {
      "file": "chunk-AZJR4NSL.js"
    },
    "chunk-KKRB7YGY": {
      "file": "chunk-KKRB7YGY.js"
    },
    "chunk-MG3U2SUJ": {
      "file": "chunk-MG3U2SUJ.js"
    },
    "chunk-CVVAAMXL": {
      "file": "chunk-CVVAAMXL.js"
    },
    "chunk-OLJ2W2BP": {
      "file": "chunk-OLJ2W2BP.js"
    },
    "chunk-S35MAB2V": {
      "file": "chunk-S35MAB2V.js"
    }
  }
}