{
  "hash": "65198af9",
  "configHash": "61aded39",
  "lockfileHash": "59a5cda2",
  "browserHash": "77dbfed6",
  "optimized": {
    "@angular/common": {
      "src": "../../../../../../node_modules/@angular/common/fesm2022/common.mjs",
      "file": "@angular_common.js",
      "fileHash": "98729aac",
      "needsInterop": false
    },
    "@angular/common/http": {
      "src": "../../../../../../node_modules/@angular/common/fesm2022/http.mjs",
      "file": "@angular_common_http.js",
      "fileHash": "6c5a4d5f",
      "needsInterop": false
    },
    "@angular/core": {
      "src": "../../../../../../node_modules/@angular/core/fesm2022/core.mjs",
      "file": "@angular_core.js",
      "fileHash": "611c8981",
      "needsInterop": false
    },
    "@angular/forms": {
      "src": "../../../../../../node_modules/@angular/forms/fesm2022/forms.mjs",
      "file": "@angular_forms.js",
      "fileHash": "64c5535b",
      "needsInterop": false
    },
    "@angular/platform-browser": {
      "src": "../../../../../../node_modules/@angular/platform-browser/fesm2022/platform-browser.mjs",
      "file": "@angular_platform-browser.js",
      "fileHash": "2a40eeb7",
      "needsInterop": false
    },
    "@angular/router": {
      "src": "../../../../../../node_modules/@angular/router/fesm2022/router.mjs",
      "file": "@angular_router.js",
      "fileHash": "9475e07c",
      "needsInterop": false
    },
    "rxjs": {
      "src": "../../../../../../node_modules/rxjs/dist/esm5/index.js",
      "file": "rxjs.js",
      "fileHash": "c9d645a3",
      "needsInterop": false
    }
  },
  "chunks": {
    "chunk-RLVQJ7SU": {
      "file": "chunk-RLVQJ7SU.js"
    },
    "chunk-4MJ6SURH": {
      "file": "chunk-4MJ6SURH.js"
    },
    "chunk-KLANGOPF": {
      "file": "chunk-KLANGOPF.js"
    },
    "chunk-UWI4XMA2": {
      "file": "chunk-UWI4XMA2.js"
    },
    "chunk-OLJ2W2BP": {
      "file": "chunk-OLJ2W2BP.js"
    },
    "chunk-S35MAB2V": {
      "file": "chunk-S35MAB2V.js"
    }
  }
}